{"inputUnits":[42],"outputUnits":3,"inputs":{"0":{"dtype":"number","min":48.18259071114111,"max":358.85156975397547},"1":{"dtype":"number","min":44.542509417379755,"max":357.8690149156249},"2":{"dtype":"number","min":53.20195145895751,"max":346.4377618936211},"3":{"dtype":"number","min":54.26833699969032,"max":365.57860818081406},"4":{"dtype":"number","min":57.50442814595937,"max":393.59313944064195},"5":{"dtype":"number","min":54.220577610943806,"max":377.8835103474064},"6":{"dtype":"number","min":54.54382311078108,"max":453.314187750427},"7":{"dtype":"number","min":61.3983583669182,"max":395.0738368296849},"8":{"dtype":"number","min":51.40024035250625,"max":508.5590020758386},"9":{"dtype":"number","min":48.18259071114111,"max":428.70489666089406},"10":{"dtype":"number","min":65.2472690237634,"max":399.9249508599941},"11":{"dtype":"number","min":58.54356127379198,"max":285.9703863672965},"12":{"dtype":"number","min":59.641631478329735,"max":412.7064294229029},"13":{"dtype":"number","min":57.98902667420336,"max":242.48507740456932},"14":{"dtype":"number","min":68.34935746289543,"max":422.5108694921358},"15":{"dtype":"number","min":56.37546514578773,"max":281.7561108565554},"16":{"dtype":"number","min":56.34865702929116,"max":451.85504872490026},"17":{"dtype":"number","min":49.29094912366436,"max":314.43876755722096},"18":{"dtype":"number","min":64.95976264930579,"max":332.6516405004896},"19":{"dtype":"number","min":57.76964189246882,"max":268.8660358648801},"20":{"dtype":"number","min":57.76964189246882,"max":321.5083098667746},"21":{"dtype":"number","min":77.67137885715604,"max":267.26241102519805},"22":{"dtype":"number","min":59.89672734328118,"max":341.17634269813885},"23":{"dtype":"number","min":71.49667560907127,"max":301.34852442429764},"24":{"dtype":"number","min":49.29094912366436,"max":359.8956467560036},"25":{"dtype":"number","min":50.306993309202205,"max":338.60944255707756},"26":{"dtype":"number","min":53.37027546709858,"max":281.3996766765864},"27":{"dtype":"number","min":59.641631478329735,"max":288.0470944582784},"28":{"dtype":"number","min":58.109333414811815,"max":242.58307438808743},"29":{"dtype":"number","min":75.54593677291996,"max":306.4933083565981},"30":{"dtype":"number","min":68.45514224611142,"max":245.20369354969753},"31":{"dtype":"number","min":71.79765954701469,"max":337.2630058602625},"32":{"dtype":"number","min":56.19413688729401,"max":253.44953861843058},"33":{"dtype":"number","min":57.83051068972646,"max":377.1825460936485},"34":{"dtype":"number","min":44.542509417379755,"max":284.56522819525975},"35":{"dtype":"number","min":59.246103712748415,"max":331.1772094259527},"36":{"dtype":"number","min":49.82246681059745,"max":249.20033332365622},"37":{"dtype":"number","min":60.10711688016127,"max":339.88121485533867},"38":{"dtype":"number","min":53.24823200216283,"max":253.82094798778226},"39":{"dtype":"number","min":59.166962189393615,"max":345.02344750775205},"40":{"dtype":"number","min":53.35070567145651,"max":252.64098641193692},"41":{"dtype":"number","min":56.996214959015305,"max":364.46989409333884}},"outputs":{"0":{"dtype":"string","min":0,"max":1,"uniqueValues":["flat-hand","peace","thumbs-up"],"legend":{"flat-hand":[1,0,0],"peace":[0,1,0],"thumbs-up":[0,0,1]}}},"isNormalized":true}